{"cameraMode":{"drawMode":0,"name":"Shaded","section":"Shading Mode"},"sceneLighting":true,"audioPlay":false,"sceneViewState":{"showFog":true,"showMaterialUpdate":false,"showSkybox":true,"showFlares":true,"showImageEffects":true,"showParticleSystems":true},"in2DMode":false,"pivot":{"x":35.524253845214847,"y":-91.77250671386719,"z":28.71683120727539},"rotation":{"x":-0.1988624781370163,"y":0.6622269153594971,"z":-0.1888565719127655,"w":-0.6973118782043457},"size":228.508056640625,"orthographic":false}